INSERT INTO houses (house_id,house_name) VALUES
	(1,'Gryffindor'),
	(2,'Hufflepuff'),
	(3,'Ravenclaw'),
	(4,'Slytherin');

INSERT INTO students(student_id,first_name, last_name, sex, year, house_id) VALUES
	(1,'Harry','Potter','M',5,1),
	(2,'Ron','Weasley','M',5,1),
	(3,'Hermione','Granger','F',5,1),
	(4,'Luna','Lovegood','F',4,3),
	(5,'Anthony','Goldstein','M',5,3),
	(6,'Terry','Boot','M',5,3),
	(7,'Michael','Corner','M',5,3),
	(8,'Ernest','Macmillan','M',5,2),
	(9,'Hannah','Abbott','F',5,2),
	(10,'Justin','Finch-Fletchley','M',5,2),
	(11,'Gregory','Goyle','M',5,4),
	(12,'Daphne','Greengrass','F',5,4),
	(13,'Euan','Abercrombie','M',1,1),
	(14,'Rose','Zeller','F',1,2),
	(15,'Dean','Thomas','M',5,1),
	(16,'Patricia','Stimpson','F',7,NULL),
	(17,'Kenneth','Towler','M',7,1),
	(18,'Vicky','Frobisher','F',1,1),
	(19,'Geoffrey','Hooper','M',3,1),
	(20,'Marietta','Edgecombe','F',6,3),
	(21,'Zacharias','Smith','M',NULL,2),
	(22,'Andrew','Kirke','M',NULL, 1),
	(23,'Jack','Sloper','M',1,2),
	(24,'Roger','Davies','M',7,3),
	(25,'Summerby','','M',2,2),
	(26,'Bradley','','M',1,3),
	(27,'Eddie','Carmichael','M',6,3),
	(28,'Harold','Dingle','M',NULL,NULL),
	(29,'Daphne','Greengrass','F',4,4),
	(30,'Neville','Longbottom','M',5,1),
	(31,'Pansy','Parkinson','F',5,4),
	(32,'Millicent','Bulstrode','F',5,4),
	(33,'Tracey','Davis','F',5,4),
	(34,'Draco','Malfoy','M',5,4),
	(35,'Lavendor','Brown','F',5,1),
	(36,'Angelina','Johnson','F',7,1),
	(37,'Cho','Chang','F',6,3),
	(38,'Katie','Bell','F',6,1),
	(39,'Padma','Patil','F',5,3),
	(40,'Parvati','Patil','F',5,1),
	(41,'Alicia','Spinnet','F',6,1),
	(42,'Vincent','Crabbe','M',5,4),
	(43,'Ginevra','Weasley','F',4,1),
	(44,'Fred','Weasley','M',7,1),
	(45,'George','Weasley','M',7,1),
	(46,'Colin','Creevey','M',4,1),
	(47,'Dennis','Creevey','M',2,1),
	(48,'Susan','Bones','F',5,2),
	(49,'Lee','Jordan','M',7,1),
	(50,'Seamus','Finnigan','M',5,1),
	(51,'Graham','Montague','M',NULL,4),
	(52,'Cassius','Warrington','M',NULL,4);

INSERT INTO blood_line (student_id, mother, father, blood_type) VALUES
	(1,'Lily','James','pure'),
	(2,'Molly','Arthur','pure'),
	(3,'Monica','Wendell','muggle'),
	(4,'Pandora','Xenophilius','pure'),
	(5,'','','half'),
	(6,'','','half'),
	(7,'','','half'),
	(8,'','','pure'),
	(9,'','','half'),
	(10,'','','muggle'),
	(11,'','','pure'),
	(12,'','','pure'),
	(13,'','',''),
	(14,'','',''),
	(15,'','','half'),
	(16,'','',''),
	(17,'','',''),
	(18,'','',''),
	(19,'','',''),
	(20,'','','half'),
	(21,'','','half'),
	(22,'','',''),
	(23,'','',''),
	(24,'','',''),
	(25,'','',''),
	(26,'','',''),
	(27,'','',''),
	(28,'','',''),
	(29,'','','pure'),
	(30,'Alice','Frank','pure'),
	(31,'','','pure'),
	(32,'','','half'),
	(33,'','','half'),
	(34,'Narcissa','Lucius','pure'),
	(35,'','','pure'),
	(36,'','',''),
	(37,'','',''),
	(38,'','',''),
	(39,'','',''),
	(40,'','',''),
	(41,'','',''),
	(42,'','','pure'),
	(43,'Molly','Arthur','pure'),
	(44,'Molly','Arthur','pure'),
	(45,'Molly','Arthur','pure'),
	(46,'','','muggle'),
	(47,'','','muggle'),
	(48,'','','half'),
	(49,'','','pure'),
	(50,'','','half'),
	(51,'','',''),
	(52,'','','');

INSERT INTO dums_army (student_id, house_id) VALUES
	(1,1),
	(2,1),
	(3,1),
	(4,3),
	(5,3),
	(6,3),
	(7,3),
	(8,2),
	(9,2),
	(10,2),
	(15,1),
	(20,3),
	(21,2),
	(30,1),
	(35,1),
	(36,1),
	(37,3),
	(38,1),
	(39,3),
	(40,1),
	(41,1),
	(43,1),
	(44,1),
	(45,1),
	(46,1),
	(47,1),
	(48,1),
	(49,1),
	(50,1);

INSERT INTO inquisitorial_squad (student_id, house_id) VALUES
	(11,4),
	(12,4),
	(31,4),
	(32,4),
	(33,4),
	(34,4),
	(42,4),
	(51,4),	
	(52,4);

INSERT INTO professors (prof_id, prof_name, num_years) VALUES
	(1,'Dolores Umbridge', 1),
	(2,'Wilhelmina Grubbly-Pank',1),
	(3,'Sybill Trelawney',15),
	(4,'Pomona Sprout',36),
	(5,'Filius Flitwick',24),
	(6,'Severus Snape',14),
	(7,'Cuthbert Binns',20),
	(8,'Minerva McGonagall',39),
	(9,'Aurora Sinistra',4),
	(10,'Bathsheda Babbling',5),
	(11,'Septima Vector',2);

INSERT INTO classes (class_id, class_name, prof_id) VALUES
	(1,'Defense Against the Dark Arts', 1),
	(2,'History of Magic',7),
	(3,'Potions',6),
	(4,'Divination',3),
	(5,'Care of Magical Creatures',2),
	(6,'Transfiguration',8),
	(7,'Charms',5),
	(8,'Herbology',4),
	(9,'Astronomy',9),
	(10,'Ancient Runes',10),
	(11,'Arithmancy',11);
	

INSERT INTO enrollment (class_id,student_id) VALUES
	(1,1),
	(1,2),
	(1,3),
	(1,15),
	(1,30),
	(1,35),
	(1,40),
	(1,50),
	(2,1),
	(2,2),
	(2,3),
	(2,15),
	(2,30),
	(2,35),
	(2,40),
	(2,50),
	(3,1),
	(3,2),
	(3,3),
	(3,15),
	(3,30),
	(3,35),
	(3,40),
	(3,50),
	(3,11),
	(3,12),
	(3,31),
	(3,32),
	(3,33),
	(3,34),
	(3,42),
	(4,1),
	(4,2),
	(4,15),
	(4,30),
	(4,35),
	(4,40),
	(4,50),
	(6,1),
	(6,2),
	(6,3),
	(6,15),
	(6,30),
	(6,35),
	(6,40),
	(6,50),
	(5,1),
	(5,2),
	(5,3),
	(5,15),
	(5,30),
	(5,35),
	(5,40),
	(5,50),
	(5,11),
	(5,12),
	(5,31),
	(5,32),
	(5,33),
	(5,34),
	(5,42),
	(8,1),
	(8,2),
	(8,3),
	(8,15),
	(8,30),
	(8,35),
	(8,40),
	(8,50),
	(8,8),
	(8,9),
	(8,10),
	(8,48),
	(7,1),
	(7,2),
	(7,3),
	(7,15),
	(7,30),
	(7,35),
	(7,40),
	(7,50),
	(10,3),
	(11,3),
	(9,1),
	(9,2),
	(9,3),
	(9,15),
	(9,30),
	(9,35),
	(9,40),
	(9,50);




